{
  "val_loss": 1.3019124269485474,
  "val_f1": 0.21876411139965057,
  "train_loss": 1.2815080881118774,
  "train_f1": 0.18209688365459442,
  "epoch": 6,
  "global_step": 1750
}