{
  "val_loss": 1.2960240840911865,
  "val_f1": 0.24684204161167145,
  "train_loss": 1.3143378496170044,
  "train_f1": 0.1948484629392624,
  "epoch": 2,
  "global_step": 750
}